,Generation,Type,Year
0,38278.395072744,dry,2013
1,42825.536519383946,medium,2006
2,51448.80043492892,wet,2010
